epyc7b13-4090-fastssd	512	8470.1	60.4	169.9	5.886	512	9976	3797	3867.0
epyc7b13-4090-fastssd	1024	11086.0	92.4	141.3	7.077	1024	14769	7012	35.1
epyc7b13-4090-fastssd	2048	12835.9	159.6	163.3	6.124	2048	14808	7051	7964.8
epyc7b13-4090-fastssd	4096	11716.2	349.6	136.7	7.315	4096	14887	7130	14.9
epyc7b13-4090-fastssd	8192	14172.8	578.0	110.8	9.025	8192	14932	7176	10.9
epyc7b13-4090-fastssd	16384	19969.6	820.4	132.5	7.547	16384	15028	7272	17.0
epyc7b13-4090-fastssd	32768	29984.0	1092.9	149.3	6.698	32768	15249	7494	20.0
epyc7b13-4090-fastssd	65536	64411.8	1017.5	151.0	6.623	32768	30428	14920	24.8
epyc7b13-4090-fastssd	131072	130349.4	1005.5	124.5	8.032	32768	61096	30088	75.6
epyc7b13-4090-fastssd	259943	326208.7	796.9	201.5	4.963	16384	243696	119744	22642.9
