Time (%),Total Time (ns),Instances,Avg (ns),Med (ns),Min (ns),Max (ns),StdDev (ns),Name
88.8,6072042620,1600,3795026.6,3609365.5,5504,28412611,2317557.0,"strata::ds41::<unnamed>::wait_add_k(const volatile unsigned int *, unsigned int, const float4 *, float4 *, int)"
2.2,151351341,6717,22532.6,15040.0,7680,48961,14160.2,"void strata::ds41::<unnamed>::gemv<(int)1, (int)2, (int)2, (bool)1>(const float *, const unsigned char *, const unsigned char *, unsigned short *, long, long)"
1.7,117413294,1600,73383.3,73312.0,72385,95233,695.2,"strata::ds41::ops::<unnamed>::wo_a_k(const __nv_bfloat16 *, const __nv_bfloat16 *, __nv_bfloat16 *)"
1.5,99771240,3200,31178.5,29377.0,2816,76129,17226.3,"void exl3_gemv_kernel<(int)3, (bool)1, (int)2, (int)0, (int)0, (bool)0, (bool)0>(const strata_exl3::GemvJob *)"
1.4,92503414,1680,55061.6,49216.0,47745,178562,26310.5,"void strata::ds41::<unnamed>::gemv<(int)1, (int)2, (int)1, (bool)1>(const float *, const unsigned char *, const unsigned char *, unsigned short *, long, long)"
1.1,72989748,2337,31232.2,7904.0,1664,1390031,179247.4,"strata::ds41::ops::<unnamed>::bf16_gemv_k(const __nv_bfloat16 *, const float *, const __nv_bfloat16 *, long, long, __nv_bfloat16 *, float *)"
1.0,69560082,3200,21737.5,21728.0,21152,23329,218.0,"strata::ds41::ops::<unnamed>::hc_dot_k(const __nv_bfloat16 *, const float *, const float *, float *)"
0.7,44654062,3200,13954.4,13952.0,13728,15456,150.4,"strata::ds41::ops::<unnamed>::hc_sinkhorn_k(const float *, const float *, const float *, float *, float *, float *)"
0.2,16616224,1600,10385.1,10624.0,6048,11168,1038.3,"strata::ds41::kernels::<unnamed>::attention_online(const __nv_bfloat16 *, const __nv_bfloat16 *, const __nv_bfloat16 *, const int *, int, const float *, float, __nv_bfloat16 *)"
0.2,15903630,6640,2395.1,1921.0,1376,3744,775.4,"strata::ds41::ops::<unnamed>::rmsnorm_k(const __nv_bfloat16 *, const __nv_bfloat16 *, __nv_bfloat16 *, int, float)"
0.2,14224915,1600,8890.6,8864.0,8736,9696,99.1,"void strata::ds41::<unnamed>::gemv<(int)1, (int)2, (int)4, (bool)1>(const float *, const unsigned char *, const unsigned char *, unsigned short *, long, long)"
0.2,12687815,11597,1094.1,1088.0,1056,1344,20.0,"strata::ds41::<unnamed>::quantize(const unsigned short *, long, float *, unsigned char *, float *)"
0.2,11273435,3200,3522.9,3520.0,3456,4096,53.0,"strata::ds41::ops::<unnamed>::hc_rsqrt_k(const __nv_bfloat16 *, float *)"
0.1,9178791,1600,5736.7,5664.0,4608,129089,3105.7,"strata::ds41::<unnamed>::publish_k(const uint4 *, int, const int *, const float *, int, const int *, int *, uint4 *, int *, float *, volatile unsigned int *, unsigned int)"
0.1,7349607,1600,4593.5,4576.0,4320,5664,113.1,"void strata::ds41::<unnamed>::gemv<(int)1, (int)1, (int)4, (bool)1>(const float *, const unsigned char *, const unsigned char *, unsigned short *, long, long)"
0.1,5156693,5317,969.9,928.0,896,1248,60.3,"strata::ds41::ops::<unnamed>::rope_k(__nv_bfloat16 *, int, int, const float *, bool)"
0.1,4127111,3200,1289.7,1312.0,1184,1569,67.4,"strata::ds41::ops::<unnamed>::hc_post_k(const __nv_bfloat16 *, const __nv_bfloat16 *, const float *, const float *, __nv_bfloat16 *)"
0.1,4010867,1600,2506.8,2624.0,896,2976,480.2,"strata::ds41::kernels::k10::activate_down_had(const int *, const float *, const strata::ds41::kernels::Exl3Expert *, const float *, __half *, float *, strata_exl3::GemvJob *)"
0.1,3611274,1600,2257.0,2304.0,1120,3681,610.1,"strata::ds41::kernels::k10::output_had_add(const int *, int, const strata::ds41::kernels::Exl3Expert *, const float *, float *)"
0.0,3250144,3240,1003.1,992.0,960,1184,24.8,"strata::ds41::ops::<unnamed>::hc_pre_k(const __nv_bfloat16 *, const float *, __nv_bfloat16 *)"
0.0,2636379,1600,1647.7,1632.0,1152,2208,177.1,"strata::ds41::kernels::k10::input_had(const __half *, const int *, int, const strata::ds41::kernels::Exl3Expert *, __half *, float *, strata_exl3::GemvJob *)"
0.0,2244753,317,7081.2,7104.0,6816,7328,66.5,"strata::ds41::ops::<unnamed>::indexer_scores_k(const __nv_bfloat16 *, const __nv_bfloat16 *, long, const __nv_bfloat16 *, float *)"
0.0,1746731,1600,1091.7,1088.0,1056,1216,15.3,"strata::ds41::ops::<unnamed>::act_quant_inplace_k(__nv_bfloat16 *, int)"
0.0,1734287,1600,1083.9,1088.0,1056,1184,16.7,"strata::ds41::ops::<unnamed>::to_half_fp8q_k(const __nv_bfloat16 *, unsigned short *, int)"
0.0,1604372,1600,1002.7,992.0,960,1120,17.0,"strata::ds41::ops::<unnamed>::swiglu_k(const __nv_bfloat16 *, const __nv_bfloat16 *, float, __nv_bfloat16 *, int)"
0.0,1496847,1600,935.5,928.0,896,1024,15.8,"strata::ds41::ops::<unnamed>::add_f32_bf16_k(const float *, const __nv_bfloat16 *, __nv_bfloat16 *, int)"
0.0,562149,517,1087.3,1088.0,1024,1152,27.7,"strata::ds41::ops::<unnamed>::fp4_quant_inplace_k(__nv_bfloat16 *, int, int, bool)"
0.0,368100,80,4601.3,4576.5,4416,5024,96.7,"strata::ds41::ops::<unnamed>::engram_apply_k(__nv_bfloat16 *, const __nv_bfloat16 *, const __nv_bfloat16 *, const __nv_bfloat16 *, float)"
0.0,289507,317,913.3,928.0,896,928,16.0,"strata::ds41::ops::<unnamed>::scale_bf16_k(const __nv_bfloat16 *, float, __nv_bfloat16 *, int)"
0.0,108961,60,1816.0,1824.0,1792,1952,30.4,"strata::ds41::ops::<unnamed>::compress_pool_k(const float *, const float *, int, __nv_bfloat16 *)"
0.0,90560,80,1132.0,1120.0,1088,1312,46.5,"strata::ds41::ops::<unnamed>::engram_dequant_k(const unsigned char *, const unsigned char *, int, __nv_bfloat16 *)"
0.0,55648,40,1391.2,1312.0,1280,1792,137.5,"strata::ds41::ops::<unnamed>::embed_k(const __nv_bfloat16 *, int, __nv_bfloat16 *)"
0.0,43168,40,1079.2,1056.0,896,1280,62.3,"strata::ds41::ops::<unnamed>::window_index_k(int, int *)"
