recipe,context,chunk,ring_slots,ring_alloc_mib,workspace_mib,state_mib,gpu_hot_gib,host_warm_gib,cold_payload_gib,design_fit,gpu_measured
exl3-3-r128-v16,8192,1024,20,253.989,350.465,30.092,3.299,95.469,91.719,True,False
exl3-3-r128-v16,32768,1024,20,253.989,350.465,105.094,3.224,95.469,91.793,True,False
exl3-3-r128-v16,131072,1024,20,253.989,350.465,405.102,2.939,95.469,92.078,True,False
exl3-3-r128-v24,8192,2048,40,507.979,604.921,30.092,10.802,94.948,84.737,True,False
exl3-3-r128-v24,32768,2048,40,507.979,604.921,105.094,10.728,94.948,84.811,True,False
exl3-3-r128-v24,131072,2048,40,507.979,604.921,405.102,10.442,94.948,85.096,True,False
exl3-3-r192-v24,8192,2048,40,507.979,604.921,30.092,10.802,158.954,20.735,True,False
exl3-3-r192-v24,32768,2048,40,507.979,604.921,105.094,10.728,158.954,20.809,True,False
exl3-3-r192-v24,131072,2048,40,507.979,604.921,405.102,10.442,158.954,21.094,True,False
exl3-3-r256-v16,8192,1024,20,253.989,350.465,30.092,3.299,187.193,0.0,True,False
exl3-3-r256-v16,32768,1024,20,253.989,350.465,105.094,3.224,187.267,0.0,True,False
exl3-3-r256-v16,131072,1024,20,253.989,350.465,405.102,2.939,187.553,0.0,True,False
exl3-3-r256-v24,8192,2048,40,507.979,604.921,30.092,10.802,179.69,0.0,True,False
exl3-3-r256-v24,32768,2048,40,507.979,604.921,105.094,10.728,179.764,0.0,True,False
exl3-3-r256-v24,131072,2048,40,507.979,604.921,405.102,10.442,180.05,0.0,True,False
exl3-3-r384-v24,8192,2048,40,507.979,604.921,30.092,10.802,179.69,0.0,True,False
exl3-3-r384-v24,32768,2048,40,507.979,604.921,105.094,10.728,179.764,0.0,True,False
exl3-3-r384-v24,131072,2048,40,507.979,604.921,405.102,10.442,180.05,0.0,True,False
