epyc7742-4090-sage159-hybrid	512	7805.0	65.6	72.6	13.774	512	9489	538	968.8
epyc7742-4090-sage159-hybrid	1024	7848.2	130.5	54.8	18.248	1024	14525	783	368.0
epyc7742-4090-sage159-hybrid	2048	8331.1	245.8	76.2	13.123	2048	14589	842	397.5
epyc7742-4090-sage159-hybrid	4096	10369.5	395.0	76.7	13.038	4096	14726	977	75.9
epyc7742-4090-sage159-hybrid	8192	11942.4	686.0	62.3	16.051	8192	14806	1057	49.8
epyc7742-4090-sage159-hybrid	16384	19226.8	852.1	65.9	15.175	16384	14971	1214	75.5
epyc7742-4090-sage159-hybrid	32768	29781.8	1100.3	73.8	13.55	32768	14988	1231	98.2
epyc7742-4090-sage159-hybrid	65536	56566.4	1158.6	70.7	14.144	32768	30322	2762	123.9
epyc7742-4090-sage159-hybrid	131072	103789.9	1262.9	69.7	14.347	32768	60440	5207	5139.0
epyc7742-4090-sage159-hybrid	262144	271221.7	966.5	72.8	13.736	16384	241888	2072	2427.5
