2026-10-05T11:14:01Z	task/K2/dots-K2-01	7c2d1e7708	pass	tflops_wq_b=46.63 score_us=1.168e+04
2026-10-05T11:20:35Z	task/K2/dots-K2-02	cf6ca36382	pass	tflops_wq_b=84.06 score_us=6474
2026-10-05T11:25:57Z	task/K2/dots-K2-01	fa8d76a19c	pass	tflops_wq_b=47.95 score_us=1.031e+04
2026-10-05T11:30:27Z	task/K2/dots-K2-02	65adb5484c	pass	tflops_wq_b=107.2 score_us=5059
2026-10-05T11:31:15Z	task/K2/dots-K2-03	acfde457a6	pass	tflops_wq_b=104.3 score_us=4296
2026-10-05T11:43:35Z	task/K2/dots-K2-04	a3280c8ca5	pass	tflops_wq_b=105 score_us=4168
2026-10-05T11:48:39Z	task/K2/dots-K2-03	7d07957956	pass	tflops_wq_b=104.5 score_us=3993
2026-10-05T11:49:26Z	task/K2/dots-K2-05	2e086e6bcf	pass	tflops_wq_b=84.69 score_us=4936
2026-10-05T12:14:39Z	task/K2/dots-K2-04	2ded5cd2d4	pass	tflops_wq_b=114.9 score_us=3774
2026-10-05T12:17:13Z	task/K2/dots-K2-06	20cb7c24f9	pass	tflops_wq_b=114.6 score_us=3692
2026-10-05T12:17:57Z	task/K2/dots-K2-07	b965be65ca	pass	tflops_wq_b=115.4 score_us=3650
2026-10-05T12:21:36Z	task/K2/dots-K2-08	6b522c7633	pass	tflops_wq_b=104.3 score_us=3965
2026-10-05T12:31:26Z	task/K2/dots-K2-09	0dbd6f0d0b	pass	tflops_wq_b=63.14 score_us=6695
2026-10-05T12:37:31Z	task/K2/dots-K2-07	3796c8f212	pass	tflops_wq_b=109.8 score_us=3847
2026-10-05T12:38:38Z	task/K2/dots-K2-10	6eef2d026c	pass	tflops_wq_b=114.3 score_us=3888
2026-10-05T12:55:53Z	task/K2/dots-K2-11	b78355c3a7	pass	tflops_wq_b=110 score_us=3858
2026-10-05T13:08:52Z	task/K2/dots-K2-12	04703e7bfa	pass	tflops_wq_b=111.1 score_us=3794
2026-10-05T13:24:28Z	task/K2/dots-K2-13	5c12f3fa0c	pass	tflops_wq_b=80.59 score_us=5200
